env,algo,config_name,seed,final_return,best_return,auc_return,collapse,severe_collapse,degradation_ratio,walltime_s,total_steps,drift_max,drift_p95,drift_final,mu_target_max,mu_target_p95,value_ev_mean,value_ev_final,value_ev_min,value_pc_loss_final,value_pc_loss_trend,pretanh_sat_max,pretanh_sat_final,log_std_mean_final,frac_std_at_min_final,frac_std_at_max_final
halfcheetah,pc_actor_critic,halfcheetah_pc_actor_critic_adam_relu,1,-8.07,-8.07,nan,0,0,1.0,90.4,106496,0.1878926306962967,0.16630806326866146,0.12278643995523453,26.067296981811523,23.630511093139642,-0.20059599326207087,-0.05638110637664795,-0.3355855941772461,0.031378697603940964,0.01323323731130195,0.0679931640625,0.01165771484375,-0.44740065932273865,0.0,0.0
halfcheetah,pc_actor_critic,halfcheetah_pc_actor_critic_adam_tanh,1,-4.47,-4.47,nan,0,0,1.0,88.3,106496,0.13708995282649994,0.1298709839582443,0.09048709273338318,17.514747619628906,17.138142013549803,-0.07182742999150203,0.3406699299812317,-0.3590186834335327,0.022842057049274445,0.010164050300551841,0.07210286458333333,0.028849283854166668,-0.25732970237731934,0.0,0.00048828125
halfcheetah,pc_actor_critic,halfcheetah_pc_actor_critic_sgd_relu,1,-20.32,-20.32,nan,0,0,1.0,86.3,106496,0.5629140138626099,0.52572922706604,0.3753821551799774,24.94402313232422,24.38396987915039,-0.42889779347639817,-0.48143768310546875,-0.5723040103912354,0.03941432014107704,0.016267061640223148,0.0679931640625,0.0032958984375,-0.6811354160308838,0.0,0.0
halfcheetah,pc_actor_critic,halfcheetah_pc_actor_critic_sgd_tanh,1,-4.75,-4.75,nan,0,0,1.0,89.7,106496,0.316121906042099,0.2725093841552733,0.316121906042099,20.037002563476562,19.562111663818357,-0.5447277105771579,-0.4862939119338989,-0.765121340751648,0.04336347058415413,0.019026998998111333,0.07210286458333333,0.007588704427083333,-0.5394332408905029,0.0,0.0
