{
  "REINFORCE": 0.9964096546173096,
  "PPO": 0.9917148351669312,
  "TRPO": 0.6274517774581909,
  "PCPG": 0.9637759923934937
}