config_name,algo,n,final_mean,final_std,best_mean,best_std,auc_mean,auc_std,collapse_count,walltime_mean
halfcheetah_pc_actor_critic_adam_relu,pc_actor_critic,3,380.56333333333333,428.8662229905991,1225.6333333333334,475.95523363255734,213.84333333333336,104.27247074638423,2,408.43333333333334
halfcheetah_pc_actor_critic_adam_tanh,pc_actor_critic,3,649.3966666666666,643.5723705657007,999.8066666666665,148.49548620150793,422.78000000000003,239.40958641346566,1,412.3
halfcheetah_pc_actor_critic_sgd_relu,pc_actor_critic,3,-232.88333333333333,215.79915142454928,280.7633333333333,408.53558835865886,-168.96666666666667,195.04261710941248,1,394.5
halfcheetah_pc_actor_critic_sgd_tanh,pc_actor_critic,3,44.620000000000005,576.6262711670358,706.6266666666667,224.54181159765227,183.55666666666664,338.9633835026367,2,400.43333333333334
halfcheetah_pc_actor_critic_ts01,pc_actor_critic,3,-24.709999999999997,17.10640425883437,0.6866666666666662,12.383950186520545,-11.76,3.2723487996646488,0,377.0666666666666
halfcheetah_pc_actor_critic_ts03,pc_actor_critic,3,477.46999999999997,366.16426586984153,488.2833333333333,352.8273094431451,60.300000000000004,69.49762633836256,0,382.3
halfcheetah_pc_actor_critic_ts10,pc_actor_critic,3,279.09666666666664,465.65399524635114,656.31,224.66801122248506,223.73333333333332,311.04400817604926,2,404.6666666666667
