{
  "PPO": 0.4784846007823944,
  "PCPG": 0.0901554599404335
}