config_name,algo,n,final_mean,final_std,best_mean,best_std,auc_mean,auc_std,collapse_count,walltime_mean
halfcheetah_pc_actor_critic_adam_tanh_ts03_sota_5m,pc_actor_critic,3,907.2533333333334,979.730484787639,994.7366666666667,878.8421618748664,151.89000000000001,400.1569827788423,2,823.8333333333334
halfcheetah_pc_actor_critic_adam_tanh_ts05_sota_5m,pc_actor_critic,3,606.17,1624.2129326127983,1412.1466666666665,1100.6244997374092,260.67333333333335,997.9011532322338,1,812.7333333333332
halfcheetah_pc_actor_critic_adam_tanh_ts07_sota_5m,pc_actor_critic,3,1069.84,1438.6365065806813,1753.01,1007.7401653534837,345.11999999999995,792.1091264886844,2,818.4333333333334
