algo,label,n_seeds,final_mean,final_std,final_sem,final_median,final_ci_lo,final_ci_hi,avg_mean,avg_std,avg_sem,avg_median,avg_ci_lo,avg_ci_hi,success_rate,steps90_mean,steps90_median,steps90_n
reinforce,REINFORCE,10,0.018000000000000002,0.009189365834726815,0.0029059326290271155,0.015,0.011298919357463473,0.02470108064253653,0.016500000000000008,0.0009196080754026031,0.00029080560729560903,0.016333333333333335,0.015829402269576333,0.017170597730423683,0.0,nan,nan,0
trpo,TRPO,10,0.993,0.02213594362117864,0.006999999999999995,1.0,0.976858,1.009142,0.9649333333333333,0.003825838082961328,0.0012098362301170027,0.9653333333333334,0.9621434509866835,0.9677232156799831,1.0,5800.0,6000.0,10
cleanba_ppo,Cleanba PPO,10,0.026000000000000002,0.010749676997731399,0.0033993463423951896,0.03,0.018161107334436696,0.03383889266556331,0.020700000000000003,0.0026455179893734933,0.0008365862437369365,0.02016666666666667,0.018770832121942627,0.02262916787805738,0.0,nan,nan,0
pc_reinforce,PC-REINFORCE,10,0.9675,0.09083715588287038,0.028725230876163365,1.0,0.9012596175995673,1.0337403824004328,0.5302666666666666,0.13829500138257858,0.043732719338508336,0.5709999999999998,0.4294190158720663,0.6311143174612668,0.9,38222.22222222222,38000.0,9
pc_actor_critic,PC actor-critic,10,0.9690000000000001,0.07549098548097573,0.0238723456930585,0.9924999999999999,0.9139503708318072,1.024049629168193,0.45233333333333325,0.15211833437926206,0.04810404105095639,0.4668333333333333,0.3414054146698278,0.5632612519968387,0.9,44000.0,44000.0,9
