algo,label,n_seeds,final_mean,final_std,final_sem,final_median,final_ci_lo,final_ci_hi,avg_mean,avg_std,avg_sem,avg_median,avg_ci_lo,avg_ci_hi,success_rate,steps90_mean,steps90_median,steps90_n
reinforce,REINFORCE,22,0.017727272727272734,0.009223065383316712,0.001966364146717756,0.02,0.013637235302099801,0.021817310152445667,0.016424242424242425,0.0013221027751108266,0.00028187325874936875,0.016333333333333335,0.015837946046043737,0.017010538802441112,0.0,nan,nan,0
trpo,TRPO,22,0.995909090909091,0.015324767040594272,0.003267251311037547,1.0,0.9891132081821329,1.0027049736360492,0.9648939393939396,0.0042741828188133,0.0009112588388058378,0.9650000000000001,0.9629985210092235,0.9667893577786558,1.0,5909.090909090909,6000.0,22
cleanba_ppo,Cleanba PPO,22,0.025,0.01224744871391589,0.002611164839335467,0.02,0.01956877713418223,0.030431222865817772,0.02066666666666667,0.002332199270892915,0.0004972265552384018,0.020000000000000004,0.019632435431770793,0.021700897901562547,0.0,nan,nan,0
pc_reinforce,PC-REINFORCE,22,0.9850000000000001,0.06168275208485681,0.013150806931276994,1.0,0.9576463215829439,1.0123536784170561,0.5603030303030303,0.09995196778150926,0.021309831132170668,0.5815,0.5159785815481153,0.6046274790579453,0.9545454545454546,37619.04761904762,38000.0,21
pc_actor_critic,PC actor-critic,22,0.9747727272727272,0.06541947563384923,0.013947479068745057,0.9975,0.9457619708097376,1.003783483735717,0.47727272727272735,0.13603006539614207,0.02900170738835802,0.49258333333333326,0.4169491759049427,0.5375962786405121,0.9090909090909091,42600.0,43000.0,20
