env,algo,config_name,seed,final_return,best_return,auc_return,collapse,severe_collapse,degradation_ratio,walltime_s,total_steps,drift_max,drift_p95,drift_final,mu_target_max,mu_target_p95,value_ev_mean,value_ev_final,value_ev_min,value_pc_loss_final,value_pc_loss_trend,pretanh_sat_max,pretanh_sat_final,log_std_mean_final,frac_std_at_min_final,frac_std_at_max_final
halfcheetah,pc_actor_critic,halfcheetah_pc_actor_critic_adam_tanh_ts07_sota_5m,1,2937.25,3173.37,1395.04,0,0,0.926,817.1,5013504,7.376161575317383,2.3321597576141357,0.44378069043159485,60.60920333862305,37.94801330566408,0.462786479323518,0.9819453358650208,-3.7454447746276855,0.008678000420331955,0.0674695290387115,0.58856201171875,0.58856201171875,-0.6784833669662476,0.0,0.0
halfcheetah,pc_actor_critic,halfcheetah_pc_actor_critic_adam_tanh_ts07_sota_5m,2,-563.22,1144.04,-518.08,1,1,-0.492,816.7,5013504,20.05315399169922,9.16343288421632,10.506329536437988,40.1124382019043,31.481904602050786,0.2827819048189649,0.6134371757507324,-39.912506103515625,0.07229861617088318,0.2945448200774935,0.9760335286458334,0.9170583089192709,-0.8055967688560486,0.0,0.0
halfcheetah,pc_actor_critic,halfcheetah_pc_actor_critic_adam_tanh_ts07_sota_5m,3,835.49,941.62,158.4,1,0,0.887,821.5,5013504,5.384407043457031,3.108420515060426,0.20718231797218323,64.96096801757812,36.00461196899414,0.3787495828921499,0.9303430318832397,-4.226856231689453,0.005770447663962841,0.03299149289739339,0.67608642578125,0.5462849934895834,-0.6973443031311035,0.0,0.0
