{
  "REINFORCE": 0.9964396357536316,
  "PPO": 0.9916999936103821,
  "TRPO": 0.6476641893386841,
  "PCPG": 0.9637023210525513
}